{"cameraMode":{"drawMode":0,"name":"Shaded","section":"Shading Mode"},"sceneLighting":true,"audioPlay":false,"sceneViewState":{"showFog":true,"showMaterialUpdate":false,"showSkybox":true,"showFlares":true,"showImageEffects":true,"showParticleSystems":true},"in2DMode":false,"pivot":{"x":-5.127517223358154,"y":0.31120404601097109,"z":-1.2933149337768555},"rotation":{"x":0.008942695334553719,"y":-0.6667457222938538,"z":0.008001334965229035,"w":0.7451887130737305},"size":8.497382164001465,"orthographic":false}